{
  "train_loss": [
    2.6739296207910983,
    2.6739296207910983,
    2.6603508743660886,
    2.6739296207910983,
    2.6603508743660886,
    2.6484481934957578,
    2.6739296207910983,
    2.6739296207910983,
    2.6603508743660886,
    2.6291511401790997,
    2.6739296207910983,
    2.6603508743660886,
    2.6484481934957578,
    2.5362732647079618,
    2.6739296207910983,
    2.6739296207910983,
    2.6603508743660886,
    2.6291511401790997,
    2.868510474961151,
    2.6739296207910983,
    2.6603508743660886,
    2.6484481934957578,
    2.5362732647079618,
    2.7736040289403148,
    2.6739296207910983,
    2.6739296207910983,
    2.6603508743660886,
    2.6291511401790997,
    2.868510474961151,
    2.5991570700916293,
    2.6739296207910983,
    2.6739296207910983,
    2.6603508743660886,
    2.6291511401790997,
    2.868510474961151,
    2.5991570700916293,
    2.51752243650599,
    2.6739296207910983,
    2.6739296207910983,
    2.6603508743660886,
    2.6291511401790997,
    2.868510474961151,
    2.5991570700916293,
    2.51752243650599,
    2.6264534905923966,
    2.6739296207910983,
    2.6739296207910983,
    2.6603508743660886,
    2.6291511401790997,
    2.868510474961151,
    2.5991570700916293,
    2.51752243650599,
    2.6264534905923966,
    2.6135642729214323
  ],
  "val_acc": [
    0.9152298850574713,
    0.9152298850574713,
    0.9248084291187739,
    0.9152298850574713,
    0.9248084291187739,
    0.9257662835249042,
    0.9152298850574713,
    0.9152298850574713,
    0.9248084291187739,
    0.9267241379310345,
    0.9152298850574713,
    0.9248084291187739,
    0.9257662835249042,
    0.9257662835249042,
    0.9152298850574713,
    0.9152298850574713,
    0.9248084291187739,
    0.9267241379310345,
    0.9252873563218391,
    0.9152298850574713,
    0.9248084291187739,
    0.9257662835249042,
    0.9257662835249042,
    0.9238505747126438,
    0.9152298850574713,
    0.9152298850574713,
    0.9248084291187739,
    0.9267241379310345,
    0.9252873563218391,
    0.9228927203065135,
    0.9152298850574713,
    0.9152298850574713,
    0.9248084291187739,
    0.9267241379310345,
    0.9252873563218391,
    0.9228927203065135,
    0.9267241379310345,
    0.9152298850574713,
    0.9152298850574713,
    0.9248084291187739,
    0.9267241379310345,
    0.9252873563218391,
    0.9228927203065135,
    0.9267241379310345,
    0.9267241379310345,
    0.9152298850574713,
    0.9152298850574713,
    0.9248084291187739,
    0.9267241379310345,
    0.9252873563218391,
    0.9228927203065135,
    0.9267241379310345,
    0.9267241379310345,
    0.9190613026819924
  ],
  "train_acc": [
    0.9175047892720306,
    0.9175047892720306,
    0.9185823754789272,
    0.9175047892720306,
    0.9185823754789272,
    0.9188218390804598,
    0.9175047892720306,
    0.9175047892720306,
    0.9185823754789272,
    0.9189415708812261,
    0.9175047892720306,
    0.9185823754789272,
    0.9188218390804598,
    0.9208572796934865,
    0.9175047892720306,
    0.9175047892720306,
    0.9185823754789272,
    0.9189415708812261,
    0.9129549808429118,
    0.9175047892720306,
    0.9185823754789272,
    0.9188218390804598,
    0.9208572796934865,
    0.913433908045977,
    0.9175047892720306,
    0.9175047892720306,
    0.9185823754789272,
    0.9189415708812261,
    0.9129549808429118,
    0.9219348659003832,
    0.9175047892720306,
    0.9175047892720306,
    0.9185823754789272,
    0.9189415708812261,
    0.9129549808429118,
    0.9219348659003832,
    0.9225335249042146,
    0.9175047892720306,
    0.9175047892720306,
    0.9185823754789272,
    0.9189415708812261,
    0.9129549808429118,
    0.9219348659003832,
    0.9225335249042146,
    0.9191810344827586,
    0.9175047892720306,
    0.9175047892720306,
    0.9185823754789272,
    0.9189415708812261,
    0.9129549808429118,
    0.9219348659003832,
    0.9225335249042146,
    0.9191810344827586,
    0.919300766283525
  ],
  "epochs": [
    16,
    16,
    17,
    16,
    17,
    18,
    16,
    16,
    17,
    18,
    16,
    17,
    18,
    19,
    16,
    16,
    17,
    18,
    19,
    16,
    17,
    18,
    19,
    20,
    16,
    16,
    17,
    18,
    19,
    20,
    16,
    16,
    17,
    18,
    19,
    20,
    21,
    16,
    16,
    17,
    18,
    19,
    20,
    21,
    22,
    16,
    16,
    17,
    18,
    19,
    20,
    21,
    22,
    23
  ],
  "val_loss": [
    2.7839938034499743,
    2.7839938034499743,
    2.370067263357484,
    2.7839938034499743,
    2.370067263357484,
    2.3372217590324724,
    2.7839938034499743,
    2.7839938034499743,
    2.370067263357484,
    2.427931830229887,
    2.7839938034499743,
    2.370067263357484,
    2.3372217590324724,
    2.310496577700436,
    2.7839938034499743,
    2.7839938034499743,
    2.370067263357484,
    2.427931830229887,
    2.3154413112050274,
    2.7839938034499743,
    2.370067263357484,
    2.3372217590324724,
    2.310496577700436,
    2.3192207665964104,
    2.7839938034499743,
    2.7839938034499743,
    2.370067263357484,
    2.427931830229887,
    2.3154413112050274,
    2.413972437039189,
    2.7839938034499743,
    2.7839938034499743,
    2.370067263357484,
    2.427931830229887,
    2.3154413112050274,
    2.413972437039189,
    2.340104579582982,
    2.7839938034499743,
    2.7839938034499743,
    2.370067263357484,
    2.427931830229887,
    2.3154413112050274,
    2.413972437039189,
    2.340104579582982,
    2.361575823063138,
    2.7839938034499743,
    2.7839938034499743,
    2.370067263357484,
    2.427931830229887,
    2.3154413112050274,
    2.413972437039189,
    2.340104579582982,
    2.361575823063138,
    2.526888754061812
  ]
}