{
  "train_acc": [
    0.6969588122605365,
    0.6969588122605365,
    0.734794061302682
  ],
  "val_acc": [
    0.742816091954023,
    0.742816091954023,
    0.7634099616858238
  ],
  "epochs": [
    3,
    3,
    4
  ],
  "train_loss": [
    9.872043540565675,
    9.872043540565675,
    8.813406270240002
  ],
  "learning_rates": [
    0.0005,
    0.0005,
    0.0005
  ],
  "val_loss": [
    8.64783452536868,
    8.64783452536868,
    7.850833832989251
  ]
}